iso3,country,year,item,element,unit,value,release_date,data_realism
FRA,France,2020,chickens,Stocks,1000 head,205358.0,2021-07-15,synthetic
FRA,France,2020,pigs,Stocks,1000 head,12822.4,2021-07-15,synthetic
FRA,France,2020,cattle,Stocks,1000 head,17330.2,2021-07-15,synthetic
FRA,France,2021,chickens,Stocks,1000 head,210391.8,2022-07-15,synthetic
FRA,France,2021,pigs,Stocks,1000 head,13136.7,2022-07-15,synthetic
FRA,France,2021,cattle,Stocks,1000 head,17755.0,2022-07-15,synthetic
FRA,France,2022,chickens,Stocks,1000 head,220960.2,2023-07-15,synthetic
FRA,France,2022,pigs,Stocks,1000 head,13796.5,2023-07-15,synthetic
FRA,France,2022,cattle,Stocks,1000 head,18646.9,2023-07-15,synthetic
FRA,France,2023,chickens,Stocks,1000 head,215582.7,2024-07-15,synthetic
FRA,France,2023,pigs,Stocks,1000 head,13460.8,2024-07-15,synthetic
FRA,France,2023,cattle,Stocks,1000 head,18193.1,2024-07-15,synthetic
FRA,France,2024,chickens,Stocks,1000 head,211541.8,2025-07-15,synthetic
FRA,France,2024,pigs,Stocks,1000 head,13208.5,2025-07-15,synthetic
FRA,France,2024,cattle,Stocks,1000 head,17852.1,2025-07-15,synthetic
FRA,France,2025,chickens,Stocks,1000 head,216693.7,2026-07-15,synthetic
FRA,France,2025,pigs,Stocks,1000 head,13530.1,2026-07-15,synthetic
FRA,France,2025,cattle,Stocks,1000 head,18286.8,2026-07-15,synthetic
DEU,Germany,2020,chickens,Stocks,1000 head,157652.8,2021-07-15,synthetic
DEU,Germany,2020,pigs,Stocks,1000 head,21388.6,2021-07-15,synthetic
DEU,Germany,2020,cattle,Stocks,1000 head,11045.7,2021-07-15,synthetic
DEU,Germany,2021,chickens,Stocks,1000 head,153134.9,2022-07-15,synthetic
DEU,Germany,2021,pigs,Stocks,1000 head,20775.6,2022-07-15,synthetic
DEU,Germany,2021,cattle,Stocks,1000 head,10729.2,2022-07-15,synthetic
DEU,Germany,2022,chickens,Stocks,1000 head,162648.6,2023-07-15,synthetic
DEU,Germany,2022,pigs,Stocks,1000 head,22066.3,2023-07-15,synthetic
DEU,Germany,2022,cattle,Stocks,1000 head,11395.8,2023-07-15,synthetic
DEU,Germany,2023,chickens,Stocks,1000 head,177401.8,2024-07-15,synthetic
DEU,Germany,2023,pigs,Stocks,1000 head,24067.9,2024-07-15,synthetic
DEU,Germany,2023,cattle,Stocks,1000 head,12429.4,2024-07-15,synthetic
DEU,Germany,2024,chickens,Stocks,1000 head,162028.3,2025-07-15,synthetic
DEU,Germany,2024,pigs,Stocks,1000 head,21982.2,2025-07-15,synthetic
DEU,Germany,2024,cattle,Stocks,1000 head,11352.3,2025-07-15,synthetic
DEU,Germany,2025,chickens,Stocks,1000 head,166986.3,2026-07-15,synthetic
DEU,Germany,2025,pigs,Stocks,1000 head,22654.8,2026-07-15,synthetic
DEU,Germany,2025,cattle,Stocks,1000 head,11699.7,2026-07-15,synthetic
NLD,Netherlands,2020,chickens,Stocks,1000 head,99816.9,2021-07-15,synthetic
NLD,Netherlands,2020,pigs,Stocks,1000 head,10979.9,2021-07-15,synthetic
NLD,Netherlands,2020,cattle,Stocks,1000 head,3793.0,2021-07-15,synthetic
NLD,Netherlands,2021,chickens,Stocks,1000 head,99099.5,2022-07-15,synthetic
NLD,Netherlands,2021,pigs,Stocks,1000 head,10900.9,2022-07-15,synthetic
NLD,Netherlands,2021,cattle,Stocks,1000 head,3765.8,2022-07-15,synthetic
NLD,Netherlands,2022,chickens,Stocks,1000 head,100724.8,2023-07-15,synthetic
NLD,Netherlands,2022,pigs,Stocks,1000 head,11079.7,2023-07-15,synthetic
NLD,Netherlands,2022,cattle,Stocks,1000 head,3827.5,2023-07-15,synthetic
NLD,Netherlands,2023,chickens,Stocks,1000 head,101834.1,2024-07-15,synthetic
NLD,Netherlands,2023,pigs,Stocks,1000 head,11201.8,2024-07-15,synthetic
NLD,Netherlands,2023,cattle,Stocks,1000 head,3869.7,2024-07-15,synthetic
NLD,Netherlands,2024,chickens,Stocks,1000 head,100818.1,2025-07-15,synthetic
NLD,Netherlands,2024,pigs,Stocks,1000 head,11090.0,2025-07-15,synthetic
NLD,Netherlands,2024,cattle,Stocks,1000 head,3831.1,2025-07-15,synthetic
NLD,Netherlands,2025,chickens,Stocks,1000 head,107155.4,2026-07-15,synthetic
NLD,Netherlands,2025,pigs,Stocks,1000 head,11787.1,2026-07-15,synthetic
NLD,Netherlands,2025,cattle,Stocks,1000 head,4071.9,2026-07-15,synthetic
BEL,Belgium,2020,chickens,Stocks,1000 head,43464.6,2021-07-15,synthetic
BEL,Belgium,2020,pigs,Stocks,1000 head,6416.2,2021-07-15,synthetic
BEL,Belgium,2020,cattle,Stocks,1000 head,2483.7,2021-07-15,synthetic
BEL,Belgium,2021,chickens,Stocks,1000 head,41173.2,2022-07-15,synthetic
BEL,Belgium,2021,pigs,Stocks,1000 head,6077.9,2022-07-15,synthetic
BEL,Belgium,2021,cattle,Stocks,1000 head,2352.8,2022-07-15,synthetic
BEL,Belgium,2022,chickens,Stocks,1000 head,41067.5,2023-07-15,synthetic
BEL,Belgium,2022,pigs,Stocks,1000 head,6062.3,2023-07-15,synthetic
BEL,Belgium,2022,cattle,Stocks,1000 head,2346.7,2023-07-15,synthetic
BEL,Belgium,2023,chickens,Stocks,1000 head,45279.3,2024-07-15,synthetic
BEL,Belgium,2023,pigs,Stocks,1000 head,6684.1,2024-07-15,synthetic
BEL,Belgium,2023,cattle,Stocks,1000 head,2587.4,2024-07-15,synthetic
BEL,Belgium,2024,chickens,Stocks,1000 head,42604.3,2025-07-15,synthetic
BEL,Belgium,2024,pigs,Stocks,1000 head,6289.2,2025-07-15,synthetic
BEL,Belgium,2024,cattle,Stocks,1000 head,2434.5,2025-07-15,synthetic
BEL,Belgium,2025,chickens,Stocks,1000 head,44143.0,2026-07-15,synthetic
BEL,Belgium,2025,pigs,Stocks,1000 head,6516.3,2026-07-15,synthetic
BEL,Belgium,2025,cattle,Stocks,1000 head,2522.5,2026-07-15,synthetic
ITA,Italy,2020,chickens,Stocks,1000 head,140423.8,2021-07-15,synthetic
ITA,Italy,2020,pigs,Stocks,1000 head,8814.9,2021-07-15,synthetic
ITA,Italy,2020,cattle,Stocks,1000 head,6354.9,2021-07-15,synthetic
ITA,Italy,2021,chickens,Stocks,1000 head,146330.4,2022-07-15,synthetic
ITA,Italy,2021,pigs,Stocks,1000 head,9185.7,2022-07-15,synthetic
ITA,Italy,2021,cattle,Stocks,1000 head,6622.3,2022-07-15,synthetic
ITA,Italy,2022,chickens,Stocks,1000 head,139744.5,2023-07-15,synthetic
ITA,Italy,2022,pigs,Stocks,1000 head,8772.3,2023-07-15,synthetic
ITA,Italy,2022,cattle,Stocks,1000 head,6324.2,2023-07-15,synthetic
ITA,Italy,2023,chickens,Stocks,1000 head,138485.3,2024-07-15,synthetic
ITA,Italy,2023,pigs,Stocks,1000 head,8693.2,2024-07-15,synthetic
ITA,Italy,2023,cattle,Stocks,1000 head,6267.2,2024-07-15,synthetic
ITA,Italy,2024,chickens,Stocks,1000 head,142687.8,2025-07-15,synthetic
ITA,Italy,2024,pigs,Stocks,1000 head,8957.0,2025-07-15,synthetic
ITA,Italy,2024,cattle,Stocks,1000 head,6457.4,2025-07-15,synthetic
ITA,Italy,2025,chickens,Stocks,1000 head,147693.7,2026-07-15,synthetic
ITA,Italy,2025,pigs,Stocks,1000 head,9271.3,2026-07-15,synthetic
ITA,Italy,2025,cattle,Stocks,1000 head,6683.9,2026-07-15,synthetic
ESP,Spain,2020,chickens,Stocks,1000 head,186623.5,2021-07-15,synthetic
ESP,Spain,2020,pigs,Stocks,1000 head,35769.5,2021-07-15,synthetic
ESP,Spain,2020,cattle,Stocks,1000 head,6842.9,2021-07-15,synthetic
ESP,Spain,2021,chickens,Stocks,1000 head,185140.1,2022-07-15,synthetic
ESP,Spain,2021,pigs,Stocks,1000 head,35485.2,2022-07-15,synthetic
ESP,Spain,2021,cattle,Stocks,1000 head,6788.5,2022-07-15,synthetic
ESP,Spain,2022,chickens,Stocks,1000 head,185761.4,2023-07-15,synthetic
ESP,Spain,2022,pigs,Stocks,1000 head,35604.3,2023-07-15,synthetic
ESP,Spain,2022,cattle,Stocks,1000 head,6811.3,2023-07-15,synthetic
ESP,Spain,2023,chickens,Stocks,1000 head,199143.2,2024-07-15,synthetic
ESP,Spain,2023,pigs,Stocks,1000 head,38169.1,2024-07-15,synthetic
ESP,Spain,2023,cattle,Stocks,1000 head,7301.9,2024-07-15,synthetic
ESP,Spain,2024,chickens,Stocks,1000 head,189943.0,2025-07-15,synthetic
ESP,Spain,2024,pigs,Stocks,1000 head,36405.7,2025-07-15,synthetic
ESP,Spain,2024,cattle,Stocks,1000 head,6964.6,2025-07-15,synthetic
ESP,Spain,2025,chickens,Stocks,1000 head,187569.4,2026-07-15,synthetic
ESP,Spain,2025,pigs,Stocks,1000 head,35950.8,2026-07-15,synthetic
ESP,Spain,2025,cattle,Stocks,1000 head,6877.5,2026-07-15,synthetic
POL,Poland,2020,chickens,Stocks,1000 head,206212.1,2021-07-15,synthetic
POL,Poland,2020,pigs,Stocks,1000 head,9390.9,2021-07-15,synthetic
POL,Poland,2020,cattle,Stocks,1000 head,6099.2,2021-07-15,synthetic
POL,Poland,2021,chickens,Stocks,1000 head,205844.7,2022-07-15,synthetic
POL,Poland,2021,pigs,Stocks,1000 head,9374.1,2022-07-15,synthetic
POL,Poland,2021,cattle,Stocks,1000 head,6088.4,2022-07-15,synthetic
POL,Poland,2022,chickens,Stocks,1000 head,216449.5,2023-07-15,synthetic
POL,Poland,2022,pigs,Stocks,1000 head,9857.1,2023-07-15,synthetic
POL,Poland,2022,cattle,Stocks,1000 head,6402.0,2023-07-15,synthetic
POL,Poland,2023,chickens,Stocks,1000 head,227398.7,2024-07-15,synthetic
POL,Poland,2023,pigs,Stocks,1000 head,10355.7,2024-07-15,synthetic
POL,Poland,2023,cattle,Stocks,1000 head,6725.9,2024-07-15,synthetic
POL,Poland,2024,chickens,Stocks,1000 head,233996.5,2025-07-15,synthetic
POL,Poland,2024,pigs,Stocks,1000 head,10656.2,2025-07-15,synthetic
POL,Poland,2024,cattle,Stocks,1000 head,6921.0,2025-07-15,synthetic
POL,Poland,2025,chickens,Stocks,1000 head,233188.0,2026-07-15,synthetic
POL,Poland,2025,pigs,Stocks,1000 head,10619.4,2026-07-15,synthetic
POL,Poland,2025,cattle,Stocks,1000 head,6897.1,2026-07-15,synthetic
HUN,Hungary,2020,chickens,Stocks,1000 head,31686.7,2021-07-15,synthetic
HUN,Hungary,2020,pigs,Stocks,1000 head,2673.6,2021-07-15,synthetic
HUN,Hungary,2020,cattle,Stocks,1000 head,861.5,2021-07-15,synthetic
HUN,Hungary,2021,chickens,Stocks,1000 head,32987.7,2022-07-15,synthetic
HUN,Hungary,2021,pigs,Stocks,1000 head,2783.3,2022-07-15,synthetic
HUN,Hungary,2021,cattle,Stocks,1000 head,896.9,2022-07-15,synthetic
HUN,Hungary,2022,chickens,Stocks,1000 head,30739.9,2023-07-15,synthetic
HUN,Hungary,2022,pigs,Stocks,1000 head,2593.7,2023-07-15,synthetic
HUN,Hungary,2022,cattle,Stocks,1000 head,835.7,2023-07-15,synthetic
HUN,Hungary,2023,chickens,Stocks,1000 head,32672.5,2024-07-15,synthetic
HUN,Hungary,2023,pigs,Stocks,1000 head,2756.7,2024-07-15,synthetic
HUN,Hungary,2023,cattle,Stocks,1000 head,888.3,2024-07-15,synthetic
HUN,Hungary,2024,chickens,Stocks,1000 head,33725.9,2025-07-15,synthetic
HUN,Hungary,2024,pigs,Stocks,1000 head,2845.6,2025-07-15,synthetic
HUN,Hungary,2024,cattle,Stocks,1000 head,916.9,2025-07-15,synthetic
HUN,Hungary,2025,chickens,Stocks,1000 head,34773.2,2026-07-15,synthetic
HUN,Hungary,2025,pigs,Stocks,1000 head,2934.0,2026-07-15,synthetic
HUN,Hungary,2025,cattle,Stocks,1000 head,945.4,2026-07-15,synthetic
ROU,Romania,2020,chickens,Stocks,1000 head,66870.9,2021-07-15,synthetic
ROU,Romania,2020,pigs,Stocks,1000 head,3779.7,2021-07-15,synthetic
ROU,Romania,2020,cattle,Stocks,1000 head,1841.4,2021-07-15,synthetic
ROU,Romania,2021,chickens,Stocks,1000 head,67665.8,2022-07-15,synthetic
ROU,Romania,2021,pigs,Stocks,1000 head,3824.6,2022-07-15,synthetic
ROU,Romania,2021,cattle,Stocks,1000 head,1863.3,2022-07-15,synthetic
ROU,Romania,2022,chickens,Stocks,1000 head,68958.7,2023-07-15,synthetic
ROU,Romania,2022,pigs,Stocks,1000 head,3897.7,2023-07-15,synthetic
ROU,Romania,2022,cattle,Stocks,1000 head,1898.9,2023-07-15,synthetic
ROU,Romania,2023,chickens,Stocks,1000 head,72491.9,2024-07-15,synthetic
ROU,Romania,2023,pigs,Stocks,1000 head,4097.4,2024-07-15,synthetic
ROU,Romania,2023,cattle,Stocks,1000 head,1996.2,2024-07-15,synthetic
ROU,Romania,2024,chickens,Stocks,1000 head,68480.7,2025-07-15,synthetic
ROU,Romania,2024,pigs,Stocks,1000 head,3870.6,2025-07-15,synthetic
ROU,Romania,2024,cattle,Stocks,1000 head,1885.7,2025-07-15,synthetic
ROU,Romania,2025,chickens,Stocks,1000 head,73001.4,2026-07-15,synthetic
ROU,Romania,2025,pigs,Stocks,1000 head,4126.2,2026-07-15,synthetic
ROU,Romania,2025,cattle,Stocks,1000 head,2010.2,2026-07-15,synthetic
BGR,Bulgaria,2020,chickens,Stocks,1000 head,13977.9,2021-07-15,synthetic
BGR,Bulgaria,2020,pigs,Stocks,1000 head,652.3,2021-07-15,synthetic
BGR,Bulgaria,2020,cattle,Stocks,1000 head,512.5,2021-07-15,synthetic
BGR,Bulgaria,2021,chickens,Stocks,1000 head,15122.0,2022-07-15,synthetic
BGR,Bulgaria,2021,pigs,Stocks,1000 head,705.7,2022-07-15,synthetic
BGR,Bulgaria,2021,cattle,Stocks,1000 head,554.5,2022-07-15,synthetic
BGR,Bulgaria,2022,chickens,Stocks,1000 head,14864.0,2023-07-15,synthetic
BGR,Bulgaria,2022,pigs,Stocks,1000 head,693.7,2023-07-15,synthetic
BGR,Bulgaria,2022,cattle,Stocks,1000 head,545.0,2023-07-15,synthetic
BGR,Bulgaria,2023,chickens,Stocks,1000 head,15252.9,2024-07-15,synthetic
BGR,Bulgaria,2023,pigs,Stocks,1000 head,711.8,2024-07-15,synthetic
BGR,Bulgaria,2023,cattle,Stocks,1000 head,559.3,2024-07-15,synthetic
BGR,Bulgaria,2024,chickens,Stocks,1000 head,16214.7,2025-07-15,synthetic
BGR,Bulgaria,2024,pigs,Stocks,1000 head,756.7,2025-07-15,synthetic
BGR,Bulgaria,2024,cattle,Stocks,1000 head,594.5,2025-07-15,synthetic
BGR,Bulgaria,2025,chickens,Stocks,1000 head,16274.5,2026-07-15,synthetic
BGR,Bulgaria,2025,pigs,Stocks,1000 head,759.5,2026-07-15,synthetic
BGR,Bulgaria,2025,cattle,Stocks,1000 head,596.7,2026-07-15,synthetic
SRB,Serbia,2020,chickens,Stocks,1000 head,16169.4,2021-07-15,synthetic
SRB,Serbia,2020,pigs,Stocks,1000 head,2758.3,2021-07-15,synthetic
SRB,Serbia,2020,cattle,Stocks,1000 head,827.5,2021-07-15,synthetic
SRB,Serbia,2021,chickens,Stocks,1000 head,16927.1,2022-07-15,synthetic
SRB,Serbia,2021,pigs,Stocks,1000 head,2887.6,2022-07-15,synthetic
SRB,Serbia,2021,cattle,Stocks,1000 head,866.3,2022-07-15,synthetic
SRB,Serbia,2022,chickens,Stocks,1000 head,16288.3,2023-07-15,synthetic
SRB,Serbia,2022,pigs,Stocks,1000 head,2778.6,2023-07-15,synthetic
SRB,Serbia,2022,cattle,Stocks,1000 head,833.6,2023-07-15,synthetic
SRB,Serbia,2023,chickens,Stocks,1000 head,16843.9,2024-07-15,synthetic
SRB,Serbia,2023,pigs,Stocks,1000 head,2873.4,2024-07-15,synthetic
SRB,Serbia,2023,cattle,Stocks,1000 head,862.0,2024-07-15,synthetic
SRB,Serbia,2024,chickens,Stocks,1000 head,18832.5,2025-07-15,synthetic
SRB,Serbia,2024,pigs,Stocks,1000 head,3212.6,2025-07-15,synthetic
SRB,Serbia,2024,cattle,Stocks,1000 head,963.8,2025-07-15,synthetic
SRB,Serbia,2025,chickens,Stocks,1000 head,18071.9,2026-07-15,synthetic
SRB,Serbia,2025,pigs,Stocks,1000 head,3082.9,2026-07-15,synthetic
SRB,Serbia,2025,cattle,Stocks,1000 head,924.9,2026-07-15,synthetic
UKR,Ukraine,2020,chickens,Stocks,1000 head,212788.7,2021-07-15,synthetic
UKR,Ukraine,2020,pigs,Stocks,1000 head,5916.6,2021-07-15,synthetic
UKR,Ukraine,2020,cattle,Stocks,1000 head,3010.2,2021-07-15,synthetic
UKR,Ukraine,2021,chickens,Stocks,1000 head,201331.0,2022-07-15,synthetic
UKR,Ukraine,2021,pigs,Stocks,1000 head,5598.0,2022-07-15,synthetic
UKR,Ukraine,2021,cattle,Stocks,1000 head,2848.1,2022-07-15,synthetic
UKR,Ukraine,2022,chickens,Stocks,1000 head,200548.7,2023-07-15,synthetic
UKR,Ukraine,2022,pigs,Stocks,1000 head,5576.2,2023-07-15,synthetic
UKR,Ukraine,2022,cattle,Stocks,1000 head,2837.0,2023-07-15,synthetic
UKR,Ukraine,2023,chickens,Stocks,1000 head,218560.6,2024-07-15,synthetic
UKR,Ukraine,2023,pigs,Stocks,1000 head,6077.1,2024-07-15,synthetic
UKR,Ukraine,2023,cattle,Stocks,1000 head,3091.8,2024-07-15,synthetic
UKR,Ukraine,2024,chickens,Stocks,1000 head,213705.1,2025-07-15,synthetic
UKR,Ukraine,2024,pigs,Stocks,1000 head,5942.0,2025-07-15,synthetic
UKR,Ukraine,2024,cattle,Stocks,1000 head,3023.1,2025-07-15,synthetic
UKR,Ukraine,2025,chickens,Stocks,1000 head,229870.6,2026-07-15,synthetic
UKR,Ukraine,2025,pigs,Stocks,1000 head,6391.5,2026-07-15,synthetic
UKR,Ukraine,2025,cattle,Stocks,1000 head,3251.8,2026-07-15,synthetic
MDA,Moldova,2020,chickens,Stocks,1000 head,4119.1,2021-07-15,synthetic
MDA,Moldova,2020,pigs,Stocks,1000 head,392.3,2021-07-15,synthetic
MDA,Moldova,2020,cattle,Stocks,1000 head,117.7,2021-07-15,synthetic
MDA,Moldova,2021,chickens,Stocks,1000 head,4152.6,2022-07-15,synthetic
MDA,Moldova,2021,pigs,Stocks,1000 head,395.5,2022-07-15,synthetic
MDA,Moldova,2021,cattle,Stocks,1000 head,118.6,2022-07-15,synthetic
MDA,Moldova,2022,chickens,Stocks,1000 head,4253.5,2023-07-15,synthetic
MDA,Moldova,2022,pigs,Stocks,1000 head,405.1,2023-07-15,synthetic
MDA,Moldova,2022,cattle,Stocks,1000 head,121.5,2023-07-15,synthetic
MDA,Moldova,2023,chickens,Stocks,1000 head,4206.1,2024-07-15,synthetic
MDA,Moldova,2023,pigs,Stocks,1000 head,400.6,2024-07-15,synthetic
MDA,Moldova,2023,cattle,Stocks,1000 head,120.2,2024-07-15,synthetic
MDA,Moldova,2024,chickens,Stocks,1000 head,4220.3,2025-07-15,synthetic
MDA,Moldova,2024,pigs,Stocks,1000 head,401.9,2025-07-15,synthetic
MDA,Moldova,2024,cattle,Stocks,1000 head,120.6,2025-07-15,synthetic
MDA,Moldova,2025,chickens,Stocks,1000 head,4644.8,2026-07-15,synthetic
MDA,Moldova,2025,pigs,Stocks,1000 head,442.4,2026-07-15,synthetic
MDA,Moldova,2025,cattle,Stocks,1000 head,132.7,2026-07-15,synthetic
RUS,Russian Federation,2020,chickens,Stocks,1000 head,557989.4,2021-07-15,synthetic
RUS,Russian Federation,2020,pigs,Stocks,1000 head,26619.7,2021-07-15,synthetic
RUS,Russian Federation,2020,cattle,Stocks,1000 head,18224.2,2021-07-15,synthetic
RUS,Russian Federation,2021,chickens,Stocks,1000 head,572577.7,2022-07-15,synthetic
RUS,Russian Federation,2021,pigs,Stocks,1000 head,27315.6,2022-07-15,synthetic
RUS,Russian Federation,2021,cattle,Stocks,1000 head,18700.7,2022-07-15,synthetic
RUS,Russian Federation,2022,chickens,Stocks,1000 head,544557.0,2023-07-15,synthetic
RUS,Russian Federation,2022,pigs,Stocks,1000 head,25978.9,2023-07-15,synthetic
RUS,Russian Federation,2022,cattle,Stocks,1000 head,17785.5,2023-07-15,synthetic
RUS,Russian Federation,2023,chickens,Stocks,1000 head,569636.6,2024-07-15,synthetic
RUS,Russian Federation,2023,pigs,Stocks,1000 head,27175.3,2024-07-15,synthetic
RUS,Russian Federation,2023,cattle,Stocks,1000 head,18604.6,2024-07-15,synthetic
RUS,Russian Federation,2024,chickens,Stocks,1000 head,612879.1,2025-07-15,synthetic
RUS,Russian Federation,2024,pigs,Stocks,1000 head,29238.3,2025-07-15,synthetic
RUS,Russian Federation,2024,cattle,Stocks,1000 head,20017.0,2025-07-15,synthetic
RUS,Russian Federation,2025,chickens,Stocks,1000 head,535749.6,2026-07-15,synthetic
RUS,Russian Federation,2025,pigs,Stocks,1000 head,25558.7,2026-07-15,synthetic
RUS,Russian Federation,2025,cattle,Stocks,1000 head,17497.9,2026-07-15,synthetic
TUR,Türkiye,2020,chickens,Stocks,1000 head,376553.2,2021-07-15,synthetic
TUR,Türkiye,2020,pigs,Stocks,1000 head,2.0,2021-07-15,synthetic
TUR,Türkiye,2020,cattle,Stocks,1000 head,16845.8,2021-07-15,synthetic
TUR,Türkiye,2021,chickens,Stocks,1000 head,375736.8,2022-07-15,synthetic
TUR,Türkiye,2021,pigs,Stocks,1000 head,2.0,2022-07-15,synthetic
TUR,Türkiye,2021,cattle,Stocks,1000 head,16809.3,2022-07-15,synthetic
TUR,Türkiye,2022,chickens,Stocks,1000 head,399961.8,2023-07-15,synthetic
TUR,Türkiye,2022,pigs,Stocks,1000 head,2.1,2023-07-15,synthetic
TUR,Türkiye,2022,cattle,Stocks,1000 head,17893.0,2023-07-15,synthetic
TUR,Türkiye,2023,chickens,Stocks,1000 head,372561.1,2024-07-15,synthetic
TUR,Türkiye,2023,pigs,Stocks,1000 head,2.0,2024-07-15,synthetic
TUR,Türkiye,2023,cattle,Stocks,1000 head,16667.2,2024-07-15,synthetic
TUR,Türkiye,2024,chickens,Stocks,1000 head,412911.2,2025-07-15,synthetic
TUR,Türkiye,2024,pigs,Stocks,1000 head,2.2,2025-07-15,synthetic
TUR,Türkiye,2024,cattle,Stocks,1000 head,18472.3,2025-07-15,synthetic
TUR,Türkiye,2025,chickens,Stocks,1000 head,415809.2,2026-07-15,synthetic
TUR,Türkiye,2025,pigs,Stocks,1000 head,2.2,2026-07-15,synthetic
TUR,Türkiye,2025,cattle,Stocks,1000 head,18602.0,2026-07-15,synthetic
GEO,Georgia,2020,chickens,Stocks,1000 head,9006.8,2021-07-15,synthetic
GEO,Georgia,2020,pigs,Stocks,1000 head,170.1,2021-07-15,synthetic
GEO,Georgia,2020,cattle,Stocks,1000 head,880.7,2021-07-15,synthetic
GEO,Georgia,2021,chickens,Stocks,1000 head,8849.7,2022-07-15,synthetic
GEO,Georgia,2021,pigs,Stocks,1000 head,167.2,2022-07-15,synthetic
GEO,Georgia,2021,cattle,Stocks,1000 head,865.3,2022-07-15,synthetic
GEO,Georgia,2022,chickens,Stocks,1000 head,9681.5,2023-07-15,synthetic
GEO,Georgia,2022,pigs,Stocks,1000 head,182.9,2023-07-15,synthetic
GEO,Georgia,2022,cattle,Stocks,1000 head,946.6,2023-07-15,synthetic
GEO,Georgia,2023,chickens,Stocks,1000 head,8999.5,2024-07-15,synthetic
GEO,Georgia,2023,pigs,Stocks,1000 head,170.0,2024-07-15,synthetic
GEO,Georgia,2023,cattle,Stocks,1000 head,880.0,2024-07-15,synthetic
GEO,Georgia,2024,chickens,Stocks,1000 head,9634.1,2025-07-15,synthetic
GEO,Georgia,2024,pigs,Stocks,1000 head,182.0,2025-07-15,synthetic
GEO,Georgia,2024,cattle,Stocks,1000 head,942.0,2025-07-15,synthetic
GEO,Georgia,2025,chickens,Stocks,1000 head,9337.6,2026-07-15,synthetic
GEO,Georgia,2025,pigs,Stocks,1000 head,176.4,2026-07-15,synthetic
GEO,Georgia,2025,cattle,Stocks,1000 head,913.0,2026-07-15,synthetic
ISR,Israel,2020,chickens,Stocks,1000 head,47373.7,2021-07-15,synthetic
ISR,Israel,2020,pigs,Stocks,1000 head,181.4,2021-07-15,synthetic
ISR,Israel,2020,cattle,Stocks,1000 head,473.7,2021-07-15,synthetic
ISR,Israel,2021,chickens,Stocks,1000 head,45269.8,2022-07-15,synthetic
ISR,Israel,2021,pigs,Stocks,1000 head,173.4,2022-07-15,synthetic
ISR,Israel,2021,cattle,Stocks,1000 head,452.7,2022-07-15,synthetic
ISR,Israel,2022,chickens,Stocks,1000 head,49649.5,2023-07-15,synthetic
ISR,Israel,2022,pigs,Stocks,1000 head,190.1,2023-07-15,synthetic
ISR,Israel,2022,cattle,Stocks,1000 head,496.5,2023-07-15,synthetic
ISR,Israel,2023,chickens,Stocks,1000 head,50269.0,2024-07-15,synthetic
ISR,Israel,2023,pigs,Stocks,1000 head,192.5,2024-07-15,synthetic
ISR,Israel,2023,cattle,Stocks,1000 head,502.7,2024-07-15,synthetic
ISR,Israel,2024,chickens,Stocks,1000 head,51494.8,2025-07-15,synthetic
ISR,Israel,2024,pigs,Stocks,1000 head,197.2,2025-07-15,synthetic
ISR,Israel,2024,cattle,Stocks,1000 head,514.9,2025-07-15,synthetic
ISR,Israel,2025,chickens,Stocks,1000 head,50392.8,2026-07-15,synthetic
ISR,Israel,2025,pigs,Stocks,1000 head,193.0,2026-07-15,synthetic
ISR,Israel,2025,cattle,Stocks,1000 head,503.9,2026-07-15,synthetic
EGY,Egypt,2020,chickens,Stocks,1000 head,148728.7,2021-07-15,synthetic
EGY,Egypt,2020,pigs,Stocks,1000 head,30.8,2021-07-15,synthetic
EGY,Egypt,2020,cattle,Stocks,1000 head,4308.0,2021-07-15,synthetic
EGY,Egypt,2021,chickens,Stocks,1000 head,153208.7,2022-07-15,synthetic
EGY,Egypt,2021,pigs,Stocks,1000 head,31.7,2022-07-15,synthetic
EGY,Egypt,2021,cattle,Stocks,1000 head,4437.8,2022-07-15,synthetic
EGY,Egypt,2022,chickens,Stocks,1000 head,162324.1,2023-07-15,synthetic
EGY,Egypt,2022,pigs,Stocks,1000 head,33.6,2023-07-15,synthetic
EGY,Egypt,2022,cattle,Stocks,1000 head,4701.8,2023-07-15,synthetic
EGY,Egypt,2023,chickens,Stocks,1000 head,149768.4,2024-07-15,synthetic
EGY,Egypt,2023,pigs,Stocks,1000 head,31.0,2024-07-15,synthetic
EGY,Egypt,2023,cattle,Stocks,1000 head,4338.1,2024-07-15,synthetic
EGY,Egypt,2024,chickens,Stocks,1000 head,151637.0,2025-07-15,synthetic
EGY,Egypt,2024,pigs,Stocks,1000 head,31.4,2025-07-15,synthetic
EGY,Egypt,2024,cattle,Stocks,1000 head,4392.2,2025-07-15,synthetic
EGY,Egypt,2025,chickens,Stocks,1000 head,160301.9,2026-07-15,synthetic
EGY,Egypt,2025,pigs,Stocks,1000 head,33.2,2026-07-15,synthetic
EGY,Egypt,2025,cattle,Stocks,1000 head,4643.2,2026-07-15,synthetic
TUN,Tunisia,2020,chickens,Stocks,1000 head,35573.1,2021-07-15,synthetic
TUN,Tunisia,2020,pigs,Stocks,1000 head,5.9,2021-07-15,synthetic
TUN,Tunisia,2020,cattle,Stocks,1000 head,632.4,2021-07-15,synthetic
TUN,Tunisia,2021,chickens,Stocks,1000 head,33790.1,2022-07-15,synthetic
TUN,Tunisia,2021,pigs,Stocks,1000 head,5.6,2022-07-15,synthetic
TUN,Tunisia,2021,cattle,Stocks,1000 head,600.7,2022-07-15,synthetic
TUN,Tunisia,2022,chickens,Stocks,1000 head,36234.9,2023-07-15,synthetic
TUN,Tunisia,2022,pigs,Stocks,1000 head,6.0,2023-07-15,synthetic
TUN,Tunisia,2022,cattle,Stocks,1000 head,644.2,2023-07-15,synthetic
TUN,Tunisia,2023,chickens,Stocks,1000 head,37655.4,2024-07-15,synthetic
TUN,Tunisia,2023,pigs,Stocks,1000 head,6.3,2024-07-15,synthetic
TUN,Tunisia,2023,cattle,Stocks,1000 head,669.4,2024-07-15,synthetic
TUN,Tunisia,2024,chickens,Stocks,1000 head,35464.1,2025-07-15,synthetic
TUN,Tunisia,2024,pigs,Stocks,1000 head,5.9,2025-07-15,synthetic
TUN,Tunisia,2024,cattle,Stocks,1000 head,630.5,2025-07-15,synthetic
TUN,Tunisia,2025,chickens,Stocks,1000 head,36448.4,2026-07-15,synthetic
TUN,Tunisia,2025,pigs,Stocks,1000 head,6.1,2026-07-15,synthetic
TUN,Tunisia,2025,cattle,Stocks,1000 head,648.0,2026-07-15,synthetic
MAR,Morocco,2020,chickens,Stocks,1000 head,192140.3,2021-07-15,synthetic
MAR,Morocco,2020,pigs,Stocks,1000 head,9.1,2021-07-15,synthetic
MAR,Morocco,2020,cattle,Stocks,1000 head,3236.0,2021-07-15,synthetic
MAR,Morocco,2021,chickens,Stocks,1000 head,186582.9,2022-07-15,synthetic
MAR,Morocco,2021,pigs,Stocks,1000 head,8.8,2022-07-15,synthetic
MAR,Morocco,2021,cattle,Stocks,1000 head,3142.4,2022-07-15,synthetic
MAR,Morocco,2022,chickens,Stocks,1000 head,198083.0,2023-07-15,synthetic
MAR,Morocco,2022,pigs,Stocks,1000 head,9.4,2023-07-15,synthetic
MAR,Morocco,2022,cattle,Stocks,1000 head,3336.1,2023-07-15,synthetic
MAR,Morocco,2023,chickens,Stocks,1000 head,189985.5,2024-07-15,synthetic
MAR,Morocco,2023,pigs,Stocks,1000 head,9.0,2024-07-15,synthetic
MAR,Morocco,2023,cattle,Stocks,1000 head,3199.8,2024-07-15,synthetic
MAR,Morocco,2024,chickens,Stocks,1000 head,197018.3,2025-07-15,synthetic
MAR,Morocco,2024,pigs,Stocks,1000 head,9.3,2025-07-15,synthetic
MAR,Morocco,2024,cattle,Stocks,1000 head,3318.2,2025-07-15,synthetic
MAR,Morocco,2025,chickens,Stocks,1000 head,198923.0,2026-07-15,synthetic
MAR,Morocco,2025,pigs,Stocks,1000 head,9.4,2026-07-15,synthetic
MAR,Morocco,2025,cattle,Stocks,1000 head,3350.3,2026-07-15,synthetic
